Date,Steps,Sleep_Hours,Heart_Rate_bpm,Calories_Burned,Active_Minutes
2025-01-01,9741.785382528082,6.798779528114164,69.95845255097682,2558.774651944201,163.21883851304582
2025-01-02,,7.424092481810417,58.21627222384968,3017.363540852142,121.86714914675318
2025-01-03,10119.221345251732,7.212592400781795,72.08252755714472,1899.774861720941,
2025-01-04,12307.574641020063,7.297676098548832,50.9741639576216,2156.023682309013,30.664326489710394
2025-01-05,7914.61656319166,6.426990216144533,78.29155637325644,4167.912295101232,102.94528351123265
2025-01-06,7914.6576076270485,7.224510174258943,72.72597482413043,4116.284871446509,44.02704013072666
2025-01-07,12448.032038768479,7.69799829124545,70.56029734313876,1811.855954242583,137.9894029954377
2025-01-08,10418.586822882273,8.651143607795042,77.82690983945514,4084.3482850157734,101.95550733002791
2025-01-09,7326.31403516262,8.159270826085207,84.65474444462576,3333.887850757201,128.83644467333653
2025-01-10,9856.400108964912,9.353182457511556,78.1437006501813,3883.0039068480532,26.667664096381483
2025-01-11,7341.455767968844,6.432652437111951,49.59125768668355,2891.375653521262,33.56672256732851
2025-01-12,7335.675616074358,8.07232063672068,55.204230332642986,3037.4304685902007,134.61174209002917
2025-01-13,9104.905678915085,7.383342005738352,61.75181422304321,2973.2317926166083,31.53349375978774
2025-01-14,3716.7993883555055,9.389802933217673,68.26091050210833,3400.4742181106503,31.401076442441376
2025-01-15,4187.705418717418,6.3917017146448485,73.17659020469122,2135.163011415151,21.937356037581992
2025-01-16,7094.281176897568,6.3602781578192245,60.742561868465344,1871.936615694427,173.0402237279168
2025-01-17,5967.922199163941,6.600607354555978,69.86766764477078,2539.0318598188583,138.00133751344111
2025-01-18,9285.618331488186,5.076104275690193,60.44617067646678,3491.2338305679523,76.52022536033027
2025-01-19,6229.939811196973,6.674244978319239,61.884821970080516,2284.4482850950762,67.44569300602484
2025-01-20,4969.2407466617715,6.440867338446302,53.93338903151778,3416.2378399798017,75.95251675933594
2025-01-21,12164.121922303886,7.350393786476208,58.76766753889096,4127.788910657449,143.9445649889891
2025-01-22,7935.559248783661,7.54175597577716,54.48315394383666,2025.3617178946042,125.8192977712663
2025-01-23,8668.82051171981,9.076170839215887,58.241267470226674,3414.245083740303,49.63129085879487
2025-01-24,4938.129534466358,8.15042383818605,78.5364179660784,2865.000526330971,47.857493653453496
2025-01-25,7139.043188687043,6.623096344337597,58.50601111168057,3883.5414105060127,35.74330395414357
2025-01-26,8777.306474274665,6.301585328651642,94.32382064837391,,125.6484351522141
2025-01-27,5622.516056444243,7.691919171506506,72.93317900880889,3462.3022853427947,142.29962595547775
2025-01-28,9439.24504586418,5.879766792979358,69.84836123694873,3811.4766951554648,62.407428532000644
2025-01-29,6998.403275202987,9.031458765854353,59.41642219818787,4067.0741267376557,23.35119376494605
2025-01-30,7770.765625516808,,75.00309879408991,3439.7952678951497,33.14746679622837
2025-01-31,6995.733469426508,,,2993.2194336202256,174.85760557520487
2025-02-01,13130.695461272346,5.486865470909123,69.22009814645361,3282.833376482913,67.27116439638723
2025-02-02,8466.256938155166,8.553872374165413,93.60084538268795,3885.3719627489236,143.07570365410137
2025-02-03,5855.722677610249,7.085460154747382,67.03940100275351,,119.9461710166822
2025-02-04,10556.362280257972,8.437816311973462,79.49273326285676,1872.9289432724086,81.11034234446335
2025-02-05,5447.890875072444,5.605572341205633,60.96823574874112,4034.2768692167465,52.90996195128882
2025-02-06,9022.158987511888,6.600624977046227,67.65011509503039,3454.8642024757464,39.42182690550503
2025-02-07,3600.824690300561,7.205243699718183,85.7080063563551,3423.6321258653916,118.40207488621866
2025-02-08,5179.534877753924,7.246980593764742,61.730329422122324,2317.620365754521,143.9414049020461
2025-02-09,8992.153089672809,6.749934528520757,86.12448557996929,3381.3251285583774,123.02468056658091
2025-02-10,10346.166449988526,7.8228499323474985,75.07751935455475,,104.84834131986533
,8928.420702974927,6.132379570617406,62.37533224105732,,26.712195749061802
2025-02-12,8210.879294029399,7.057620514978707,74.3240773905552,2055.823272739178,174.95820441510142
,7747.240761026778,7.3202956317118995,,3378.8287310472865,147.79427066473193
2025-02-14,4803.695024081431,7.7144388340587495,74.21809962217196,4198.5929418496,66.85152587215435
2025-02-15,6700.389479013228,7.91161487808889,52.297752801095434,1915.7088932653344,176.79525269741612
2025-02-16,7348.403072600531,6.075357908162131,60.728628241751316,4145.218042131161,116.30105434181154
2025-02-17,11142.805565547289,5.6658858292643774,65.52481364448495,2776.5791057348897,113.18762531315943
2025-02-18,9359.045723921154,8.477676821898509,67.25566570899954,3889.808280809422,139.69170870872514
2025-02-19,4092.399611593165,7.532314011979592,74.20672097550678,3677.725161739856,149.883166094422
2025-02-20,9310.209923486987,6.451513463443447,69.77701000933254,3160.839026368003,125.03657717304043
2025-02-21,7537.294298959208,8.751151975522523,54.64655641289899,3572.2781022031836,40.495319418592004
,6807.694999235104,7.315674634292859,71.80197851005963,3908.4373471232348,74.12280095911974
2025-02-23,10029.19072210217,8.379297184063827,74.10585745283824,2769.9367719624793,168.49338245216796
2025-02-24,11077.498806239877,7.267518481410109,73.5979044793104,2584.8795877517728,55.93849789501631
2025-02-25,10828.200297790496,9.260747924881986,78.80780725554622,3402.2241253526036,79.54672381400214
2025-02-26,6401.956191943404,8.955340842443205,76.33922154548904,3738.8302606590205,89.13230127107136
2025-02-27,7726.969060371964,6.951035851520927,72.59180079228437,3629.484323463878,90.30479835111235
2025-02-28,9328.15857850891,8.171570950954356,67.29834288541353,3714.752757260723,118.07033319912408
2025-03-01,10938.862817805897,7.845375949585148,51.39039066484008,2845.399955551039,170.8921340391532
2025-03-02,7302.064405386775,8.568631557532349,72.29618219132585,3762.802118820052,58.5108338932008
2025-03-03,8035.852558340457,6.235076539419896,70.07687687163111,2088.50173288946,39.44022020814689
2025-03-04,5734.162564984929,7.8860514599984395,70.71578837195374,3106.773835106039,51.59527837758997
2025-03-05,5509.483439798323,8.258424486849588,55.232514241796906,1813.8207851954917,161.90798403348313
2025-03-06,10531.314555985495,5.441260513576886,57.189434595917376,2579.0059917606486,123.32973002483297
2025-03-07,11890.600071427058,6.016741487334225,78.53152853332904,2679.507683691355,65.74508627826562
2025-03-08,8319.974696049165,5.160767822239899,67.60444846143345,2750.814459862213,
2025-03-09,11008.83224473006,6.930593165555442,74.81500697372624,3469.1212960556695,157.81919941814976
2025-03-10,9404.090062619085,7.917542255795962,68.28318376130461,2732.5394430488295,155.4422941904445
2025-03-11,6887.200613487189,8.702357052096028,68.29756139495746,2876.8646942940736,167.02824538232872
,9403.489013771035,7.274094780419776,77.38283805975998,2370.105914098386,60.358563227737854
2025-03-13,12345.091416164923,,,2695.8042999104164,140.80670859940454
2025-03-14,8410.43490222512,5.819898541785109,68.96120776940984,2345.4471054315636,93.6863195638624
2025-03-15,12411.609139535016,5.496617560644846,63.377247112949576,1975.6702170442647,154.71976846240983
2025-03-16,3000.0,7.144452301103382,63.65503772567684,3248.2766241153067,136.55850834585812
2025-03-17,10554.75626093806,7.584065448939308,64.90827876531361,3403.710716532039,144.23159143995593
2025-03-18,8717.617670595428,7.1673052519059075,70.22133771633713,3286.776830423075,124.98589402897144
,7752.481623835331,5.132557899960124,63.212513783365225,2912.3857051213736,
,8729.401941338756,7.110879960487212,80.55756125573521,2711.4858724301516,107.20430702351013
,3531.077713497768,5.8955304994951465,59.05392697780496,3872.0007589723805,177.5471583239213
2025-03-22,7950.82028040622,7.869672548830039,66.13128355838641,3045.7962843269233,169.98209063953902
2025-03-23,9392.781428779366,7.566598246096849,63.60268941725825,2950.036506311354,26.907797727521867
2025-03-24,12194.73511185379,6.260120213672645,82.46977884353733,1861.5409579354457,46.37037051670994
2025-03-25,,6.686133082663306,69.96554776511574,2618.994786302775,41.07660375272991
2025-03-26,,6.140786478111049,78.31844539468635,2712.469485086057,136.15678559764729
2025-03-27,7245.6073910386585,7.137320902726828,53.14439626963028,2757.1746741525612,150.8456527771112
2025-03-28,10788.505294255185,8.155142320501238,70.67050265869258,3192.4136861455972,54.16181860970751
2025-03-29,9321.87777414921,6.214273953664456,76.89630795623437,3080.646112144508,100.93643087229265
2025-03-30,7175.599490582403,7.704046515517844,68.82283989275425,3258.972222704267,154.512484481792
2025-03-31,9783.16858278339,6.669742381627559,78.65480375065351,3635.7198277011075,137.24824716260008
2025-04-01,8742.6938733701,6.407127167737656,62.82711549899628,3751.1657729186245,106.75795287869573
2025-04-02,10921.612476332222,7.0929696400454425,82.0934744018558,3523.4953829435863,114.45563047340366
2025-04-03,6744.867265306619,6.164757677580626,90.9889812361925,4093.2568702918434,101.3376875066048
2025-04-04,7680.84463350558,6.646350694652818,64.37161439560342,1843.758198423268,67.60775221101129
,,6.002122107411152,63.54497478599228,2269.8671656405104,110.40351885744258
2025-04-06,4841.212629669703,9.16472513291639,82.533844771177,1818.1508999475411,130.2216483280145
2025-04-07,9240.30069266144,7.2352635519717285,83.79572145730712,3353.9393139710473,159.73166653772924
,9152.638180449723,6.5002744920074145,62.771399728467316,3955.2733174799687,121.80661663667969
2025-04-09,8512.783641606153,7.413979910734223,63.798131829041424,2384.3575117831183,141.77944592690528
2025-04-10,7913.532166562132,7.08767195030917,65.18215391139493,4024.882907511136,45.61146159273168
2025-04-11,4961.573144873964,6.979030400466777,54.555494889657226,1944.641736694946,93.84919590716638
2025-04-12,7448.3866930866025,7.814166700043425,58.81348053515802,4042.6464643332342,
2025-04-13,7643.213708683076,7.957507710047305,,2643.8944493751223,59.46861832345968
2025-04-14,6494.306826945953,6.669498852389473,60.32202434895871,2043.4099882781197,136.23387441808077
2025-04-15,8096.785720834977,6.62418175935532,67.65315112613219,2966.0922220471816,
2025-04-16,9510.127142036346,6.924948302848356,70.3421473253652,2416.263762529219,35.86849593395455
2025-04-17,13215.464753026325,4.898078835264416,83.50500492814076,2483.694964708615,84.23909053780612
2025-04-18,8936.444532079597,5.6848089378014475,58.016459592612094,2537.4959158230877,148.01135499186552
2025-04-19,9143.87597680691,8.566874267444526,77.84322398476584,3727.262154798392,52.64570154062382
2025-04-20,8313.885210584582,8.844967713501283,65.86011155774491,3093.987064020611,108.8135918883658
2025-04-21,3703.0719617523964,6.950963960443622,67.50536290347567,2547.1384779744085,137.29140736474795
2025-04-22,,7.776556963055767,74.74819492166604,3264.801079946204,118.55767204162865
2025-04-23,8650.575524852566,,56.772779784377015,3518.7616181356643,50.08395753846658
2025-04-24,14658.105281213215,9.5,71.82409746184051,2454.297601760481,76.8615309897183
2025-04-25,8019.097588047193,8.319574911434577,69.66452208213056,2792.5178436608435,145.40668551766356
2025-04-26,9253.86835583403,7.0720824085192335,72.92451264008149,2092.526624008674,108.67624226112267
2025-04-27,8413.220575736892,,,2234.758438883233,20.836738166866038
2025-04-28,5578.30490595117,5.593553679742428,92.55300139910895,3434.682849515959,141.758521604495
2025-04-29,11357.057036287551,7.403463635867223,,2235.4520344695047,25.64981679043825
2025-04-30,10379.832581716935,6.443649254715697,62.690030449981826,3060.392120800944,139.31740523699716
2025-05-01,10477.579867607617,5.777746290402326,61.76859473575236,3501.711028133838,52.39688962643798
2025-05-02,6226.531363013153,6.553427115757474,62.44522880839745,2056.504615427385,173.29175681910084
2025-05-03,12006.985777340247,6.118451996385605,61.62612872693482,3161.5493271093683,78.87052020833352
2025-05-04,4995.372343019298,8.887141635072565,79.89016531107552,2415.750680883273,
2025-05-05,9967.142734500676,8.08163975694945,82.20504247989855,4111.024500570191,43.82208805319115
2025-05-06,13976.139064524947,7.192027358683383,62.29253706250524,2960.509552127819,68.89667447843438
2025-05-07,6023.659187173279,8.679944138890026,59.67644426895771,3734.3821194603797,160.2641218925121
2025-05-08,7084.25567599307,7.2773683076476186,72.71415556386404,3120.543701175028,179.41349402035956
2025-05-09,8749.128412719103,6.338715798671736,62.477769557190285,1904.1900788515659,78.92952488109573
2025-05-10,7241.310864709502,8.723124077269658,,3319.5633014256537,91.7777009527268
2025-05-11,4623.341422334668,,70.029230208513,4083.3680212959766,135.53135011243793
2025-05-12,8671.407437015068,6.162753845673544,52.84255885002768,3243.868368351195,161.7913248744119
2025-05-13,5844.2407156847385,7.009661321916392,83.47505201330061,3766.0532626242966,114.88709346988546
2025-05-14,9683.981076587954,6.324381746615243,85.95877673095522,3922.0955120361787,82.6441117084527
2025-05-15,6201.439414415492,5.817200269035665,61.87211309515614,2347.391452677438,86.0194945357798
2025-05-16,12374.836012543848,,64.12298440064016,2308.907615779744,131.2989034394891
2025-05-17,6541.866769159407,9.10941664047013,,3266.3543732423805,20.51492217668459
2025-05-18,7694.846209485811,5.801432426180859,71.34456789987026,2786.4683275360912,119.13429399357452
2025-05-19,10533.793043424175,7.762969236690571,74.5854427267283,3815.6671268801288,76.87888167061718
2025-05-20,5422.839208915112,6.549357430878173,88.1020453876635,,147.0715730043335
2025-05-21,9068.649836510323,6.712874616235304,66.2305277250595,2648.2113103265237,34.878502371701146
2025-05-22,11767.85688570607,6.607606075761131,60.01702755461546,2368.489341538757,114.11236271174248
2025-05-23,4481.291913596931,6.336009230320184,54.20680771985473,3673.2612365852683,96.9556623817798
2025-05-24,8961.58464633076,7.248521627944827,60.69069960058081,2459.5344853155266,122.77208414483638
2025-05-25,9149.706985621058,6.369049883588962,67.66873027126204,3774.2743644328284,30.376575117274935
2025-05-26,,7.470456825779839,85.94557863517788,2816.971808757031,112.797405988501
2025-05-27,5407.623222804796,7.149761890550863,62.823887009638284,3402.119758299529,109.8375340735238
2025-05-28,,6.96105195313359,70.23787951638899,2029.2847532032035,109.70561510658735
2025-05-29,9804.853914042244,6.292436337958402,67.83577103927247,3297.2623792237755,116.55802665543277
2025-05-30,,6.6232286694316675,79.88393273448084,2884.24242896935,128.23486995621795
2025-05-31,9126.232125864692,7.955391225825756,93.26932425873622,3207.860311621138,148.79823994892317
,9366.12052374244,7.7009171876243805,62.69131227079679,2203.234098587672,63.171315220514295
2025-06-02,6799.938196053773,6.222444755201449,63.10560557481778,3568.4969878660368,152.00790562880994
2025-06-03,9080.634242902508,7.299332305429226,78.44160877069072,3870.7129861037483,99.72090916215258
2025-06-04,9232.681183246703,7.95138712337179,74.81891489626311,2320.1755202178615,32.32932466149299
2025-06-05,,5.530594718878628,86.46707325736034,2029.7149332483882,29.368148679036672
2025-06-06,,7.743360192379935,73.83928185325964,1856.7326065112075,73.47813099136972
2025-06-07,9684.582302279468,6.537376241054154,64.40707909212941,3340.7316010638388,145.5835163378348
2025-06-08,5521.741256993379,7.770598668593159,73.9065483069231,3257.025686613074,
2025-06-09,10141.384021584574,6.436740843457484,79.08703580582907,3112.073790513768,146.17839434758503
2025-06-10,6063.295824431696,5.395117899335482,76.20482181197364,,102.7630490306575
2025-06-11,10467.71150935613,5.5724575621168375,73.07274031107298,2738.174390173235,90.43183967287848
2025-06-12,11396.48894751851,7.248084946661383,78.66674689589154,3226.743204446815,43.59240427300543
2025-06-13,6448.294204120724,7.459722501721482,79.69295590445672,2992.2404612620066,72.51084057748984
2025-06-14,10908.440323110804,6.295683374895591,81.82158991037527,4170.68524851573,89.44309858782005
2025-06-15,9531.952317341245,7.838592458777374,74.48709887589642,2127.4554061361596,34.17606874873876
2025-06-16,10555.150399986225,5.53847993773104,66.32881919683146,3468.346929714225,55.2979124337938
2025-06-17,13241.982456634869,7.133920201352684,69.46713686433323,2770.365043450301,115.71604705019821
2025-06-18,7886.529709992824,5.988983800237543,80.06508966508358,2827.6790758214756,137.70609827827036
2025-06-19,6615.659589106276,6.548163892197841,59.83064329012764,3522.2346375796233,179.73560182287196
2025-06-20,6276.213925936192,7.2473986713164145,71.68673308872901,3461.846763178487,169.29813301496924
2025-06-21,6460.474287586404,6.339586634716047,,4179.014384885251,122.81043192563064
2025-06-22,8307.24572646474,6.815444455770175,68.28744822934817,2108.1462946899005,87.39968852705152
2025-06-23,9352.879937041609,8.20629280921444,80.78451862607298,2049.863158521999,121.78837835331723
2025-06-24,9191.726998325048,6.623108130476852,69.91099068019903,3538.413161108979,145.70425889283712
2025-06-25,10567.95812259006,8.035692112065142,68.46436548156149,,38.93379054774197
2025-06-26,8532.504729694767,6.070293145342382,54.40143859020081,2457.9855997435343,85.58478235140612
2025-06-27,12133.835192893292,7.729804177915283,75.46253566027221,1990.6064855735679,
2025-06-28,7838.35791690511,8.6415686206579,74.45484181141076,2005.5797990314334,81.41327230928704
2025-06-29,15300.422916474046,,89.6325472330546,3946.0580991938837,111.49956339634984
2025-06-30,10064.168369412515,6.403104744529523,64.92221765046999,2260.481579324983,114.04309773795171
2025-07-01,6357.106108959293,7.77707212718054,70.1915032766394,2576.09174907725,49.5162005013823
2025-07-02,5822.768754847219,6.996954613957008,70.49383683710755,2343.9753653447715,77.95767066436613
2025-07-03,9706.181038107963,,83.77453279763475,2651.9911339966493,73.52180619870914
2025-07-04,7941.343036685373,6.59601481328418,67.04704467613048,1966.6172225906241,
2025-07-05,,7.2865897874729,70.7902152577034,3045.7434981798488,23.87068222261684
2025-07-06,9683.094061433861,7.04432276460792,74.0789650971654,1962.2701526213157,
2025-07-07,8317.927718357818,8.367782061659808,69.86609123156359,3720.8556187736676,63.69132959564999
2025-07-08,6383.0157048289875,7.454420843301214,63.535663854494715,2360.9089965850394,102.89260259821047
2025-07-09,4712.881938285338,7.537602662075202,69.94089992898307,3096.0285950508255,67.79609177420369
2025-07-10,7383.712619832448,6.7881230338775325,78.73631749859771,3912.1898101475,170.5086792184545
2025-07-11,10640.99698580868,6.712393775927507,57.7348470058894,3362.105685713266,61.4874814185238
2025-07-12,9035.23436032551,6.76744181218038,69.32969674146877,3079.0986877232044,88.74509003822962
2025-07-13,5385.65305322003,7.594452142378297,60.99879185060827,2578.401007476901,159.6368400775363
2025-07-14,,6.779015519179737,,2599.204591339675,154.7093706866894
2025-07-15,9463.293449322093,7.489774856896413,52.76813095216225,3406.7686924756563,49.776226855404374
2025-07-16,6290.356409497168,9.275400798645439,62.410781527284115,4185.934466930802,148.42292956731367
2025-07-17,8884.31276486382,8.071124703431693,71.7721187506452,3388.4140556385087,93.30990187806282
2025-07-18,8645.521796115,6.873976467832159,83.65524029234341,3138.6802016880597,97.27501953365683
2025-07-19,5642.574255423442,8.401213922163945,67.34249738927012,,41.356795586551
2025-07-20,9394.468400870708,,62.44800473306802,2916.4934694809235,32.89624220113994
2025-07-21,9901.961315920586,5.161875464822146,86.8115706944059,,136.47028911580242
2025-07-22,11207.628107938192,6.191913689082596,53.51986099583756,3149.512358106984,99.43378437684797
2025-07-23,11134.505130087258,5.329208078974144,48.0,4098.300682812913,89.89611241842873
2025-07-24,5055.826580107272,6.848486515958691,72.40014450053333,2220.7270616583833,136.7213165843835
2025-07-25,6155.437400212193,7.2184183791895515,62.97945775647389,3456.0117379695976,142.48206383857757
2025-07-26,9787.58816802165,8.876437312275282,57.787671828692865,2282.2408527817356,45.42530682709657
,9784.464877280521,7.526927373764162,75.08356447299353,3085.986442735395,117.6360239164226
2025-07-28,9787.61921576512,6.980899471191136,70.43800713771199,2032.023479152127,41.656653164429684
2025-07-29,,8.02940558118349,62.359213692632714,2880.8902470196444,140.22001376464732
2025-07-30,9927.226276732918,4.988864690992115,55.19695601329106,3614.7919893485905,125.11282500274233
2025-07-31,11338.914100451497,7.435614558108566,76.72457328280144,2634.1716581735573,173.05833937335328
2025-08-01,10885.004408733006,7.970865193886967,74.50201177958661,3395.7881387693233,31.03328261702739
2025-08-02,10128.478128264494,5.721413754220158,67.00824136220618,3709.07990589535,29.12875538420069
2025-08-03,7711.826888399136,8.343754043206928,86.46636996047665,4025.2267667506862,65.14993195091202
2025-08-04,10397.423051233169,7.5384964074944145,57.29915233673847,2363.1409964530885,61.872909397744955
2025-08-05,6567.9369636560705,6.784712086099199,52.74474829075261,2758.3581979423398,59.51660785151997
2025-08-06,7907.953483149978,7.832781866106285,61.080919301187556,2165.798431993002,165.00073288336586
2025-08-07,7286.591130427241,9.470692857804396,67.54413983644503,4181.960405180101,59.927391975920976
2025-08-08,8704.685348465806,7.381866255058496,70.43339449322691,4024.802323018309,63.51195618058096
2025-08-09,14286.646416683772,7.448220586300336,65.5876394214367,3095.897112673343,
2025-08-10,,6.740639100459756,71.52055396514297,3820.879906503411,91.9583747920864
2025-08-11,10215.650475936283,6.350155630535208,55.48460575809556,3050.299145452901,144.273689112829
2025-08-12,4468.2103220258705,8.030335816544246,82.4376460407326,3296.6056512066234,30.45858521030164
2025-08-13,7320.170335526416,6.343916174091133,67.17848821607431,,98.01139098774149
2025-08-14,11222.376492418414,7.2715662372193925,79.17295831588127,3612.649009192339,25.37817602932522
2025-08-15,8660.700047738657,6.722342553234883,71.42725346377703,2106.5123607245637,
2025-08-16,5805.638055176734,7.678979825746392,72.56753219153784,3782.562312606068,165.02999253510575
2025-08-17,6711.740726850079,7.533662105286949,73.69767280232205,3676.867410408926,42.279259378815226
2025-08-18,10198.994372336689,8.2375399442579,72.47708560017315,3500.9872745831435,105.18730916403473
2025-08-19,6674.083420707158,6.689983601145253,74.42722759867544,1886.784913259429,85.77529641611305
2025-08-20,9041.146473954937,,81.29152530132431,2527.508054268789,75.57493220141482
2025-08-21,8613.929599759535,6.221236284217693,69.9652116970147,2431.470167786023,163.9733353099636
2025-08-22,6870.999130985458,6.755706739923888,75.09003757588512,2664.327377931646,23.49174348407832
2025-08-23,13859.860223313313,7.577300493044852,67.10264305712774,2010.3425922332126,126.20634978809426
2025-08-24,10084.797555795029,7.9569886166453525,82.40117215449473,4048.698775274551,174.14310947416806
2025-08-25,3437.143533355982,6.277834675822374,61.2360769794073,3129.125377709703,109.62690935389472
2025-08-26,8966.135786923569,8.06960592010566,86.00940432910815,,169.8915939252947
2025-08-27,6845.53383807903,8.555637858804952,67.59842049355656,2752.75564097828,28.361260685763803
2025-08-28,10631.08333699056,7.613434903223701,53.69224897881952,2873.2860972116055,87.00693105186582
2025-08-29,6518.698153918249,9.076795812558066,69.2810441491079,3241.426400065481,61.625246553928186
2025-08-30,8213.158896332752,6.426210800896428,61.18948342525119,3037.630626471595,136.93135439691676
2025-08-31,9762.468197451142,5.955345296688583,76.40643548988724,4006.540735714602,177.00753447955947
2025-09-01,10664.387985425303,5.421279751095722,61.47376020697609,2992.7123589739927,
2025-09-02,5499.2589823605595,8.696044311489183,63.538165667852205,4181.17923557595,124.66793623585191
2025-09-03,7663.746910397629,7.854365656354058,,3843.41989858823,51.69562124155842
2025-09-04,7312.63672209761,7.144415329089545,63.47693680750923,2300.425234457606,110.45284073145758
2025-09-05,6866.67691856572,7.47996862631982,48.0,,94.22919787013379
2025-09-06,12913.635600702743,6.0745109527016234,52.16097176514277,2079.279354925143,175.52085274104593
,9512.454277402388,9.5,75.60414656144297,3761.8793003788596,117.36436363143466
2025-09-08,5347.790114162387,7.329221181975227,75.85800158650832,2713.495904343792,75.92101953389101
2025-09-09,10794.65486763694,7.309394794604893,72.25457561784965,,38.25532558206934
2025-09-10,13805.390492531584,7.925766623898692,58.33023856870787,3883.336056257881,44.199492597589526
2025-09-11,11081.163151377867,7.681009231736714,67.5228864385802,,56.05070879219761
2025-09-12,4701.575085114966,7.423884024279132,67.96397460909432,,60.15466581444768
2025-09-13,7289.414817834371,6.409525544554688,56.416353108074574,2531.2299338352977,156.09856925458206
2025-09-14,11667.277872966557,7.671468357135996,83.0339830176715,1994.2062793230052,109.79564612520399
2025-09-15,6730.826335953048,9.082024496475034,76.77362290575671,2767.1524290363877,103.74254581989862
2025-09-16,9609.54857036557,8.545420046154979,,2216.458835967621,38.363019499074795
2025-09-17,10436.585133573342,8.793186626639397,68.26885838994531,3467.882613365908,157.6223509359096
2025-09-18,6182.673821054793,,70.08382807947552,2630.6393436906856,135.6502885133574
2025-09-19,8351.1866098455,6.210395179741419,48.0,4141.464482063796,
2025-09-20,3000.0,7.074213079900352,65.52822617479403,3338.332985628797,133.25361555676298
2025-09-21,5939.030896664275,7.255724912288695,61.180157520022014,3773.953352722466,106.96611477482337
2025-09-22,7868.579621517099,8.29419151847095,57.983799901050844,2118.059214580436,
2025-09-23,5380.542045087876,5.507535370285181,65.18899707114045,3868.834757454294,93.32810264458503
2025-09-24,12581.028259829089,8.729550319460614,85.97686526849523,4014.6172572321466,97.55140594080751
2025-09-25,,7.041992101421011,74.4084286126701,2968.948605165446,46.52392642612412
2025-09-26,7399.88878325754,6.77311893005258,62.28821010217203,3255.0070506023458,171.31170352004517
2025-09-27,8826.851443215228,6.1878956247398325,73.72582781356158,3635.543522167189,155.9960594369059
2025-09-28,12103.183222665288,,81.99355436586002,2219.61270542499,127.04357397265733
2025-09-29,4910.3446220514015,8.023170583961914,77.24633682912769,3006.158583512262,93.96728976009715
2025-09-30,11407.909380387398,7.2733179671884045,68.59630369920174,2756.7912666535512,85.88248665352137
2025-10-01,8525.582652548968,5.910039100258946,61.53063222294426,2151.297581189398,124.15575474415266
2025-10-02,6046.228372380123,5.904921227936384,,,107.26909910510487
2025-10-03,9655.258685658177,6.864215300709872,71.9348538542175,1963.6135425251846,29.9636969411017
2025-10-04,8997.649238933674,8.869021525289392,76.95193220027733,1861.9485766787689,102.00042380325307
2025-10-05,6999.457807103014,6.940408648636396,74.35171801681969,2124.3990939715745,149.02457875725432
2025-10-06,8674.505212475047,5.6968570468818935,78.49552715319335,4111.476267814018,93.47838041551329
2025-10-07,7536.7160078456,6.954256935914056,62.64764788439432,3118.870886148041,28.313052408682946
2025-10-08,8783.79336312812,6.92727643025233,81.17394065634326,4117.973186767727,145.8045119014453
2025-10-09,10155.326686302617,4.503113357058428,69.975996046924,2837.9949079923167,52.2182051417559
2025-10-10,12465.04204036338,7.145705133482188,88.75260872625265,2548.358719404623,61.379333582086204
2025-10-11,5405.461252932877,,61.10812181910432,3014.740470816586,46.35301654916734
2025-10-12,13832.583436640667,7.896206364813419,85.3596380316525,2854.8280527189845,72.8344103794396
2025-10-13,3619.7805011937453,9.048956094945346,69.97910783462648,2053.5952422281853,141.0802409101816
2025-10-14,8120.537262411041,8.326565029547758,61.48581996385552,3337.9831552564947,103.10173752062997
2025-10-15,9970.79301621144,,63.16114165945678,2318.491638023039,52.78100386411401
2025-10-16,9202.479669337581,6.093474091258329,64.7965269180568,3287.011091754791,160.45281250432654
2025-10-17,6943.251200448515,9.5,72.24165946401916,3360.4826217555683,160.73309679224468
2025-10-18,7979.694374106812,,73.228354880355,2164.8596475087556,159.29254800736112
,7267.497663352918,7.2139292919129465,62.26299996061421,,58.20739382104628
2025-10-20,,7.175874912889997,67.75645407739017,3673.8278065642553,92.19829506895809
2025-10-21,10624.005242552561,7.398084760767855,89.42270358611864,2903.5210170463683,177.59834498254003
2025-10-22,9392.538714912618,7.055639588076057,85.27543170100711,1939.5931092131418,143.52199620959846
2025-10-23,6767.726011848365,6.626337993119764,72.36323669674032,4187.679161207441,24.34678739608957
2025-10-24,10748.999688583128,6.6531410587596085,,1938.67334639128,30.432734601678728
2025-10-25,9268.248802191523,7.167246729784002,69.20031326718261,3468.0845492605276,94.22902028997325
2025-10-26,10532.1552970974,6.656575228866235,74.13517972730416,4160.8294206321925,165.47523293784963
2025-10-27,10074.07210480903,6.487154217322836,57.77207434801595,2374.0322501182213,106.19228767243428
2025-10-28,6427.51247269482,7.306430227691897,65.42623462576655,2141.398484849271,99.65000128548644
2025-10-29,7099.547399507576,6.945022782579145,51.314159261224106,2091.323854613829,36.87579199306089
2025-10-30,10368.234012808154,8.703992988582689,71.9922312260528,2527.860354162229,125.08481675588705
2025-10-31,10025.925663583663,4.549030191606988,74.4719593970274,2042.509946425552,151.53650569603607
2025-11-01,8447.74601508963,8.291506851922462,63.16813537700626,3461.1872200659163,
2025-11-02,8793.318458271955,8.446085192497629,83.73986763290033,1949.5003155121503,144.0978961480524
2025-11-03,11694.162239471061,5.126609767591851,55.74234336997659,3022.6131075594953,174.31626462412987
2025-11-04,7021.071527910425,6.857312405919651,53.3562511979018,4192.0724492471445,52.602633460430255
2025-11-05,9867.743452925095,6.828559134004209,70.24451818559972,3753.528646814445,103.73274099115861
2025-11-06,7994.518368915265,5.792488305282179,78.47098302612154,3276.526651754426,65.94207329353209
2025-11-07,7955.796991931949,6.422183312409125,84.83927691457869,2535.008689887868,146.85670704541428
2025-11-08,11246.942129967974,6.089424154534171,63.4111573713106,,112.4149385409852
2025-11-09,10563.540872470076,8.952270443423624,78.78680833431295,3064.899513387964,121.5331868080486
2025-11-10,10533.774090001596,8.135678393147462,67.61491530499293,2822.600121336892,147.66626553854306
2025-11-11,11763.697017885823,8.471555094994159,66.2737270005918,2113.7049041764785,83.35527562599279
2025-11-12,8552.509604081897,7.921672064043236,76.83659937486672,3927.85011657712,166.41441094512692
2025-11-13,10204.88242823741,6.070948228782771,74.52322878413419,2879.483157171174,105.2846187593824
2025-11-14,7724.33310851636,6.675479733720227,52.236078430157505,2267.094028369836,45.27277165365568
2025-11-15,9310.415881221104,7.689374561227918,82.76540349725896,2682.622442105495,131.34385890700838
2025-11-16,8174.642364080789,5.977872191108055,,2793.9114060694246,146.9218160701207
2025-11-17,8742.489912481795,7.912998430172388,61.74437298490471,3786.0909493604986,70.68186833080426
2025-11-18,9987.892563592284,6.959674601841865,71.95803533437409,3560.674513347365,157.14868111980047
2025-11-19,6454.448291916318,6.825179192450403,72.94030186282738,3646.3317447392155,164.9829207625226
2025-11-20,13730.96818921365,7.910959968203492,70.60673765823907,1826.4750346287533,64.30471798044942
2025-11-21,5984.956546250745,7.64426331148604,62.4969484615458,2798.7695956314274,177.36343563443552
2025-11-22,5464.5284680306695,6.8390338341809205,,2955.225963924777,42.51384448780135
,11395.27718375017,8.359329803364249,67.74445929008554,1846.061464375336,52.3225069443984
2025-11-24,10479.15673490734,6.118936672400103,79.72729019259364,2423.5517009880823,49.47597427808418
2025-11-25,10060.299542630388,7.815935606944264,73.43600154594432,3624.695575493124,163.03835360125927
2025-11-26,10070.8637731607,7.793101257968384,64.29385667913894,2129.0632937495975,124.68680837199389
2025-11-27,,6.89045356068601,75.71698710648344,3084.74431548622,
2025-11-28,6256.864071285421,7.526133022242118,48.0,2316.48449284137,90.45174693893584
2025-11-29,,5.948886423614697,79.48765700372104,1829.0898591453438,118.44768401116832
2025-11-30,6807.095721219721,8.1240270192069,50.60286221221901,2378.8834982388994,33.35425359830133
2025-12-01,10937.799333544379,7.015097863557012,64.37559058596868,4142.097011784129,161.1866189451742
2025-12-02,8132.356546244653,6.67727697948096,56.803301053738565,3723.6890685191747,148.57656567064564
2025-12-03,6436.2570080187215,8.24900922583689,55.053185242790946,4102.98394637048,100.83308377226211
2025-12-04,7696.535395867517,6.495656309457241,,2970.84970542327,174.74025844146726
,9532.32863568906,5.791538703636441,63.32298798688109,2063.3668768260086,86.84175668401595
2025-12-06,7090.688617990063,5.6433708264760964,71.46503881730716,3115.1027735368634,177.45765104583964
2025-12-07,6444.4490110839215,7.80600995134564,67.53079421120816,2890.505602943906,126.86719980858032
2025-12-08,9109.218028729782,5.919570647503717,72.77040827223121,3826.4569985750786,
2025-12-09,9112.416427771806,8.954794181984365,68.76821891060256,2035.3981938821871,46.5527832473256
2025-12-10,7232.642061572175,5.118070592116278,55.1700777581143,2971.7787288522677,161.10844132874303
2025-12-11,7322.404235954193,8.896456368290039,77.9626681944714,2160.1167952655624,88.39835006729842
2025-12-12,9080.124843394091,7.411017467202619,63.06243416838687,2579.222224536144,45.95734492519669
2025-12-13,4879.7891462566895,7.103286888129608,52.434181013402494,3569.6569857307195,22.017203196121446
2025-12-14,4981.340564058612,6.655080913191051,63.718848390340874,2942.44351048504,109.5609093821412
2025-12-15,6703.88944686891,7.599136114352071,83.00759790634311,2702.1318843498466,104.38393953962822
2025-12-16,7966.382120720382,7.1623652975751515,76.50221742113493,2746.7430685680847,135.09657957906538
2025-12-17,9277.26891399501,8.303301882016521,64.5134786559214,2902.6722441743677,162.44128848284834
2025-12-18,12188.39054237388,7.3142276486620394,64.50742295681572,3684.0397052089365,32.70505354288473
2025-12-19,10644.149058005049,,64.78364948782617,3941.0032534565626,137.03943845445798
,8100.153675091432,6.836387787786144,88.76747983560841,4092.8032476094277,49.98591105561316
2025-12-21,8452.459480243278,7.143054376278933,71.81935452231554,3688.568127012708,157.30832850514622
2025-12-22,5993.6765884054785,7.507801768892059,72.3004164719107,2556.9765497952303,151.05016221786497
2025-12-23,8453.717160019025,5.489831607343374,78.30283454031843,3451.5232946077012,106.5270007976871
,7778.353402699654,5.851814577894287,70.38789159026514,2850.2474977329407,133.63884777972984
2025-12-25,9306.796400845224,7.943264094022715,65.40957854179297,2411.209492910523,70.29601810939974
2025-12-26,6431.922641119192,7.370865438127942,,3818.0917906222144,95.38686382925034
2025-12-27,9798.366285602931,7.016016663647321,67.28398740585936,1892.22323750958,151.46190363367546
2025-12-28,12331.847282506444,,67.62777763490159,3964.2287811250167,93.48243154771423
2025-12-29,8228.099628857855,7.547581705361671,75.2762954363698,2907.545915099362,77.24772245207069
2025-12-30,9504.279305247353,6.660240319690638,68.519458858073,3329.283544339873,99.07399156004799
2025-12-31,10225.359979277782,6.421695274597687,75.3264007721558,3382.4494132938785,152.51988038995495
